{"library_used": "ScikitExperiment", "dataset_name": "fn20k.xlsx", "dataset_lenght": 499, "algo": "MultinomialNB", "elapsed": 3.37, "metrics_report": {"0": {"precision": 0.9285714285714286, "recall": 0.3333333333333333, "f1-score": 0.4905660377358491, "support": 39}, "1": {"precision": 0.6976744186046512, "recall": 0.9836065573770492, "f1-score": 0.8163265306122448, "support": 61}, "accuracy": 0.73, "macro avg": {"precision": 0.81312292358804, "recall": 0.6584699453551912, "f1-score": 0.6534462841740469, "support": 100}, "weighted avg": {"precision": 0.7877242524916943, "recall": 0.73, "f1-score": 0.6892799383904505, "support": 100}}}